Robot speed,Grip Orientation,Gripper grabbing position,Gripper orientation,Gripper strength,Placing height,Average,LLM
1.0,0.7857142857142857,0.6428571428571429,0.9285714285714286,0.9285714285714286,0.42857142857142855,0.7428571428571428,GPT4
0.8461538461538461,0.6923076923076923,0.6923076923076923,0.6153846153846154,0.9230769230769231,0.3076923076923077,0.6461538461538462,GPT3.5
1.0,0.5454545454545454,0.45454545454545453,0.6363636363636364,0.8181818181818182,0.4166666666666667,0.5742424242424242,GeminiUltra
